{
  "linear": {
    "epochs": [
      0,
      1,
      2,
      3,
      4,
      5,
      6,
      7,
      8,
      9
    ],
    "student_mean": [
      0.1944,
      0.18719999999999998,
      0.1664,
      0.192,
      0.1888,
      0.1888,
      0.2,
      0.1528,
      0.14400000000000002,
      0.15999999999999998
    ],
    "student_std": [
      0.016704490414256878,
      0.018312837027615356,
      0.0170833252032501,
      0.033846713282089894,
      0.024053274205396654,
      0.008158431221748452,
      0.024787093415727466,
      0.0064000000000000055,
      0.012393546707863733,
      0.01213260071048248
    ],
    "teacher_mean": [
      0.20400000000000001,
      0.184,
      0.18,
      0.188,
      0.2,
      0.21200000000000002,
      0.196,
      0.18,
      0.164,
      0.184
    ],
    "teacher_std": [
      2.7755575615628914e-17,
      0.0,
      0.0,
      0.0,
      0.0,
      2.7755575615628914e-17,
      0.0,
      0.0,
      0.0,
      0.0
    ]
  },
  "nonlinear": {
    "epochs": [
      0,
      1,
      2,
      3,
      4,
      5,
      6,
      7,
      8,
      9
    ],
    "student_mean": [
      0.1656,
      0.1504,
      0.1328,
      0.19039999999999999,
      0.1672,
      0.1648,
      0.132,
      0.124,
      0.1408,
      0.156
    ],
    "student_std": [
      0.019530488985173924,
      0.029459124223235145,
      0.023919866220361685,
      0.009329523031752478,
      0.009927738916792684,
      0.03029455396601838,
      0.01943193248238579,
      0.01876166303929372,
      0.004664761515876232,
      0.008763560920082665
    ],
    "teacher_mean": [
      0.192,
      0.184,
      0.196,
      0.196,
      0.172,
      0.2,
      0.192,
      0.11200000000000002,
      0.156,
      0.164
    ],
    "teacher_std": [
      0.0,
      0.0,
      0.0,
      0.0,
      0.0,
      0.0,
      0.0,
      1.3877787807814457e-17,
      0.0,
      0.0
    ]
  }
}