{
  "config": {
    "alpha": 0.001,
    "test_size": 0.25,
    "train_size": 0.75
  },
  "results": {
    "linear": {
      "epochs": [
        0,
        1,
        2,
        3,
        4,
        5,
        6,
        7,
        8,
        9
      ],
      "student_mean": [
        0.18400000000000002,
        0.1888,
        0.17920000000000003,
        0.2048,
        0.1984,
        0.21600000000000003,
        0.20800000000000002,
        0.1696,
        0.2,
        0.1776
      ],
      "student_std": [
        0.025799224794555358,
        0.03806520721078502,
        0.031435012327021596,
        0.01933287355775131,
        0.05292107330733192,
        0.036834766186308286,
        0.024265201420964957,
        0.030103820355562843,
        0.026773120849090414,
        0.03371409200912876
      ],
      "teacher_mean": [
        0.20800000000000002,
        0.21600000000000003,
        0.21600000000000003,
        0.2,
        0.184,
        0.24,
        0.168,
        0.176,
        0.176,
        0.22400000000000003
      ],
      "teacher_std": [
        2.7755575615628914e-17,
        2.7755575615628914e-17,
        2.7755575615628914e-17,
        0.0,
        0.0,
        0.0,
        0.0,
        0.0,
        0.0,
        2.7755575615628914e-17
      ]
    },
    "nonlinear": {
      "epochs": [
        0,
        1,
        2,
        3,
        4,
        5,
        6,
        7,
        8,
        9
      ],
      "student_mean": [
        0.11359999999999999,
        0.1488,
        0.1424,
        0.1552,
        0.192,
        0.18080000000000002,
        0.1488,
        0.1264,
        0.16,
        0.1616
      ],
      "student_std": [
        0.009329523031752482,
        0.015676734353812345,
        0.01985547783358537,
        0.0224,
        0.018242806801586207,
        0.021821090715177377,
        0.018659046063504964,
        0.013763720427268204,
        0.028621670111997313,
        0.023405982141324472
      ],
      "teacher_mean": [
        0.128,
        0.176,
        0.10400000000000001,
        0.12,
        0.176,
        0.2,
        0.20800000000000002,
        0.192,
        0.144,
        0.136
      ],
      "teacher_std": [
        0.0,
        0.0,
        1.3877787807814457e-17,
        0.0,
        0.0,
        0.0,
        2.7755575615628914e-17,
        0.0,
        0.0,
        0.0
      ]
    }
  }
}