{
  "linear": {
    "student": {
      "0": {
        "model_type": "linear",
        "best_epoch": 46,
        "total_epochs": 50,
        "train_accuracy": 0.1704,
        "val_accuracy": 0.1256,
        "train_balanced_accuracy": 0.17040000000000002,
        "val_balanced_accuracy": 0.12560000000000002,
        "train_f1_macro": 0.13807687994899007,
        "val_f1_macro": 0.09778938742403626,
        "final_train_loss": 3.41183722615242,
        "final_val_loss": 3.4525246381759644,
        "n_train_samples": 5000,
        "n_val_samples": 2500,
        "n_classes": 50
      },
      "1": {
        "model_type": "linear",
        "best_epoch": 41,
        "total_epochs": 47,
        "train_accuracy": 0.1874,
        "val_accuracy": 0.1464,
        "train_balanced_accuracy": 0.1874,
        "val_balanced_accuracy": 0.1464,
        "train_f1_macro": 0.16179546120838725,
        "val_f1_macro": 0.12082654567731181,
        "final_train_loss": 3.3237444400787353,
        "final_val_loss": 3.3853479623794556,
        "n_train_samples": 5000,
        "n_val_samples": 2500,
        "n_classes": 50
      },
      "2": {
        "model_type": "linear",
        "best_epoch": 48,
        "total_epochs": 50,
        "train_accuracy": 0.1774,
        "val_accuracy": 0.1312,
        "train_balanced_accuracy": 0.17739999999999997,
        "val_balanced_accuracy": 0.13119999999999998,
        "train_f1_macro": 0.1500351225969059,
        "val_f1_macro": 0.10604104444032567,
        "final_train_loss": 3.381075215339661,
        "final_val_loss": 3.40828138589859,
        "n_train_samples": 5000,
        "n_val_samples": 2500,
        "n_classes": 50
      },
      "3": {
        "model_type": "linear",
        "best_epoch": 49,
        "total_epochs": 50,
        "train_accuracy": 0.1768,
        "val_accuracy": 0.1504,
        "train_balanced_accuracy": 0.17679999999999998,
        "val_balanced_accuracy": 0.15040000000000003,
        "train_f1_macro": 0.1467215803841524,
        "val_f1_macro": 0.12037138553546305,
        "final_train_loss": 3.3664746940135957,
        "final_val_loss": 3.3887000679969788,
        "n_train_samples": 5000,
        "n_val_samples": 2500,
        "n_classes": 50
      },
      "4": {
        "model_type": "linear",
        "best_epoch": 47,
        "total_epochs": 50,
        "train_accuracy": 0.1742,
        "val_accuracy": 0.1368,
        "train_balanced_accuracy": 0.1742,
        "val_balanced_accuracy": 0.1368,
        "train_f1_macro": 0.14765982157189603,
        "val_f1_macro": 0.1129928462848108,
        "final_train_loss": 3.37138369679451,
        "final_val_loss": 3.4325961828231812,
        "n_train_samples": 5000,
        "n_val_samples": 2500,
        "n_classes": 50
      }
    },
    "teacher": {
      "0": {
        "model_type": "linear",
        "best_epoch": 0,
        "total_epochs": 6,
        "train_accuracy": 0.0716,
        "val_accuracy": 0.0168,
        "train_balanced_accuracy": 0.0716,
        "val_balanced_accuracy": 0.016800000000000002,
        "train_f1_macro": 0.054583691005923855,
        "val_f1_macro": 0.0130454252826024,
        "final_train_loss": 3.7134863913059233,
        "final_val_loss": 4.103034925460816,
        "n_train_samples": 5000,
        "n_val_samples": 2500,
        "n_classes": 50
      },
      "1": {
        "model_type": "linear",
        "best_epoch": 0,
        "total_epochs": 6,
        "train_accuracy": 0.07,
        "val_accuracy": 0.018,
        "train_balanced_accuracy": 0.07,
        "val_balanced_accuracy": 0.018,
        "train_f1_macro": 0.05217133941461381,
        "val_f1_macro": 0.012348487295148269,
        "final_train_loss": 3.694293427467346,
        "final_val_loss": 4.107105374336243,
        "n_train_samples": 5000,
        "n_val_samples": 2500,
        "n_classes": 50
      },
      "2": {
        "model_type": "linear",
        "best_epoch": 0,
        "total_epochs": 6,
        "train_accuracy": 0.0776,
        "val_accuracy": 0.022,
        "train_balanced_accuracy": 0.0776,
        "val_balanced_accuracy": 0.022000000000000002,
        "train_f1_macro": 0.059758784000404574,
        "val_f1_macro": 0.01565499985789341,
        "final_train_loss": 3.6899838507175446,
        "final_val_loss": 4.098136591911316,
        "n_train_samples": 5000,
        "n_val_samples": 2500,
        "n_classes": 50
      },
      "3": {
        "model_type": "linear",
        "best_epoch": 0,
        "total_epochs": 6,
        "train_accuracy": 0.0802,
        "val_accuracy": 0.0216,
        "train_balanced_accuracy": 0.0802,
        "val_balanced_accuracy": 0.0216,
        "train_f1_macro": 0.06141958058282472,
        "val_f1_macro": 0.01741445802154706,
        "final_train_loss": 3.6724437713623046,
        "final_val_loss": 4.127007925510407,
        "n_train_samples": 5000,
        "n_val_samples": 2500,
        "n_classes": 50
      },
      "4": {
        "model_type": "linear",
        "best_epoch": 0,
        "total_epochs": 6,
        "train_accuracy": 0.0756,
        "val_accuracy": 0.0144,
        "train_balanced_accuracy": 0.0756,
        "val_balanced_accuracy": 0.0144,
        "train_f1_macro": 0.057490149299878224,
        "val_f1_macro": 0.012510453924962847,
        "final_train_loss": 3.6896461129188536,
        "final_val_loss": 4.11700336933136,
        "n_train_samples": 5000,
        "n_val_samples": 2500,
        "n_classes": 50
      }
    }
  },
  "mlp": {
    "student": {
      "0": {
        "model_type": "mlp",
        "best_epoch": 43,
        "total_epochs": 49,
        "train_accuracy": 0.1666,
        "val_accuracy": 0.1224,
        "train_balanced_accuracy": 0.1666,
        "val_balanced_accuracy": 0.12240000000000001,
        "train_f1_macro": 0.12912703282649393,
        "val_f1_macro": 0.08802375448412413,
        "final_train_loss": 3.4500168383121492,
        "final_val_loss": 3.4461046934127806,
        "n_train_samples": 5000,
        "n_val_samples": 2500,
        "n_classes": 50
      },
      "1": {
        "model_type": "mlp",
        "best_epoch": 45,
        "total_epochs": 50,
        "train_accuracy": 0.189,
        "val_accuracy": 0.1472,
        "train_balanced_accuracy": 0.18899999999999997,
        "val_balanced_accuracy": 0.1472,
        "train_f1_macro": 0.15489791892485735,
        "val_f1_macro": 0.11469268299921133,
        "final_train_loss": 3.3812274754047396,
        "final_val_loss": 3.372944378852844,
        "n_train_samples": 5000,
        "n_val_samples": 2500,
        "n_classes": 50
      },
      "2": {
        "model_type": "mlp",
        "best_epoch": 47,
        "total_epochs": 50,
        "train_accuracy": 0.1722,
        "val_accuracy": 0.1312,
        "train_balanced_accuracy": 0.17220000000000002,
        "val_balanced_accuracy": 0.1312,
        "train_f1_macro": 0.1362499908076661,
        "val_f1_macro": 0.09976494662527408,
        "final_train_loss": 3.405566376447678,
        "final_val_loss": 3.4001432418823243,
        "n_train_samples": 5000,
        "n_val_samples": 2500,
        "n_classes": 50
      },
      "3": {
        "model_type": "mlp",
        "best_epoch": 48,
        "total_epochs": 50,
        "train_accuracy": 0.18,
        "val_accuracy": 0.144,
        "train_balanced_accuracy": 0.18000000000000005,
        "val_balanced_accuracy": 0.144,
        "train_f1_macro": 0.14140337256670166,
        "val_f1_macro": 0.10799981435685294,
        "final_train_loss": 3.3903016090393066,
        "final_val_loss": 3.3944047570228575,
        "n_train_samples": 5000,
        "n_val_samples": 2500,
        "n_classes": 50
      },
      "4": {
        "model_type": "mlp",
        "best_epoch": 41,
        "total_epochs": 47,
        "train_accuracy": 0.1656,
        "val_accuracy": 0.1292,
        "train_balanced_accuracy": 0.16560000000000002,
        "val_balanced_accuracy": 0.1292,
        "train_f1_macro": 0.1303491962459569,
        "val_f1_macro": 0.09862716681446815,