{
  "epoch_0": {
    "student": {
      "l1_sparsity": 0.2181948016074781,
      "gini_coefficient": 0.4286228898636444,
      "activation_ratio": 0.623884375,
      "dead_neurons": {
        "n_dead": 0,
        "n_total": 256,
        "dead_ratio": 0.0,
        "dead_indices": [],
        "activation_stats": {
          "mean": 0.5931282043457031,
          "std": 0.3348024785518646,
          "min": 0.12256995588541031,
          "max": 2.0301668643951416,
          "percentiles": {
            "25": 0.36157041043043137,
            "50": 0.5307381749153137,
            "75": 0.7010224312543869,
            "90": 1.0118207931518555,
            "95": 1.2559145390987396,
            "99": 1.8689549267292016
          }
        }
      }
    },
    "teacher": {
      "l1_sparsity": 0.2064817808148858,
      "gini_coefficient": 0.4169550585691768,
      "activation_ratio": 0.610265625,
      "dead_neurons": {
        "n_dead": 0,
        "n_total": 256,
        "dead_ratio": 0.0,
        "dead_indices": [],
        "activation_stats": {
          "mean": 0.6791549921035767,
          "std": 0.3858768343925476,
          "min": 0.13833367824554443,
          "max": 2.2815165519714355,
          "percentiles": {
            "25": 0.40198761224746704,
            "50": 0.6192578375339508,
            "75": 0.8425659239292145,
            "90": 1.1613397002220154,
            "95": 1.4404889345169067,
            "99": 2.0317169725894897
          }
        }
      }
    },
    "n_samples": 2500,
    "n_mask_samples": 5
  },
  "epoch_1": {
    "student": {
      "l1_sparsity": 0.23022819967830882,
      "gini_coefficient": 0.4372870105859774,
      "activation_ratio": 0.5873796875,
      "dead_neurons": {
        "n_dead": 0,
        "n_total": 256,
        "dead_ratio": 0.0,
        "dead_indices": [],
        "activation_stats": {
          "mean": 0.6341718435287476,
          "std": 0.4057101011276245,
          "min": 0.1611052006483078,
          "max": 2.6922504901885986,
          "percentiles": {
            "25": 0.3484507128596306,
            "50": 0.5282703936100006,
            "75": 0.7661152333021164,
            "90": 1.1246909499168396,
            "95": 1.5502943694591522,
            "99": 2.084229588508605
          }
        }
      }
    },
    "teacher": {
      "l1_sparsity": 0.23244738907032228,
      "gini_coefficient": 0.4410134108087871,
      "activation_ratio": 0.5553125,
      "dead_neurons": {
        "n_dead": 0,
        "n_total": 256,
        "dead_ratio": 0.0,
        "dead_indices": [],
        "activation_stats": {
          "mean": 0.5666223764419556,
          "std": 0.31750360131263733,
          "min": 0.1332741677761078,
          "max": 2.2844784259796143,
          "percentiles": {
            "25": 0.3462738171219826,
            "50": 0.49647553265094757,
            "75": 0.6808239817619324,
            "90": 0.9562762677669525,
            "95": 1.2030745148658752,
            "99": 1.6145886361598958
          }
        }
      }
    },
    "n_samples": 2500,
    "n_mask_samples": 5
  },
  "epoch_2": {
    "student": {
      "l1_sparsity": 0.27406633780506884,
      "gini_coefficient": 0.4792776899867839,
      "activation_ratio": 0.3562546875,
      "dead_neurons": {
        "n_dead": 0,
        "n_total": 256,
        "dead_ratio": 0.0,
        "dead_indices": [],
        "activation_stats": {
          "mean": 0.5717406272888184,
          "std": 0.4108516573905945,
          "min": 0.1279718428850174,
          "max": 2.4802207946777344,
          "percentiles": {
            "25": 0.29997118562459946,
            "50": 0.4467213749885559,
            "75": 0.6926316022872925,
            "90": 1.0451311469078064,
            "95": 1.3952498137950897,
            "99": 2.03652651309967
          }
        }
      }
    },
    "teacher": {
      "l1_sparsity": 0.27809786647371715,
      "gini_coefficient": 0.4791688490793946,
      "activation_ratio": 0.4306328125,
      "dead_neurons": {
        "n_dead": 0,
        "n_total": 256,
        "dead_ratio": 0.0,
        "dead_indices": [],
        "activation_stats": {
          "mean": 0.5178194046020508,
          "std": 0.3634365499019623,
          "min": 0.09864331781864166,
          "max": 2.3549294471740723,
          "percentiles": {
            "25": 0.2818667069077492,
            "50": 0.41080519556999207,
            "75": 0.6223762780427933,
            "90": 0.9211224615573883,
            "95": 1.2626571953296661,
            "99": 1.919230878353118
          }
        }
      }
    },
    "n_samples": 2500,
    "n_mask_samples": 5
  },
  "epoch_3": {
    "student": {
      "l1_sparsity": 0.2992719476005163,
      "gini_coefficient": 0.4835535439673908,
      "activation_ratio": 0.2686890625,
      "dead_neurons": {
        "n_dead": 0,
        "n_total": 256,
        "dead_ratio": 0.0,
        "dead_indices": [],
        "activation_stats": {
          "mean": 0.5915695428848267,
          "std": 0.4990174174308777,
          "min": 0.11156134307384491,
          "max": 4.673844814300537,
          "percentiles": {
            "25": 0.3159502223134041,
            "50": 0.4429590255022049,
            "75": 0.6642753183841705,
            "90": 1.040396273136139,
            "95": 1.5967042446136475,
            "99": 2.433659267425536
          }
        }
      }
    },
    "teacher": {
      "l1_sparsity": 0.31394880196925845,
      "gini_coefficient": 0.49308205379525316,
      "activation_ratio": 0.225546875,
      "dead_neurons": {
        "n_dead": 0,
        "n_total": 256,
        "dead_ratio": 0.0,
        "dead_indices": [],
        "activation_stats": {
          "mean": 0.5298354029655457,
          "std": 0.4476855993270874,
          "min": 0.12730184197425842,
          "max": 4.190299034118652,
          "percentiles": {
            "25": 0.28531062602996826,
            "50": 0.4062465727329254,
            "75": 0.6009079813957214,
            "90": 0.9179269969463348,
            "95": 1.440802276134491,
            "99": 2.2173846244812
          }
        }
      }
    },
    "n_samples": 2500,
    "n_mask_samples": 5
  },
  "epoch_4": {
    "student": {
      "l1_sparsity": 0.3165336675727472,
      "gini_coefficient": 0.4917322680943994,
      "activation_ratio": 0.21090625,
      "dead_neurons": {
        "n_dead": 0,
        "n_total": 256,
        "dead_ratio": 0.0,
        "dead_indices": [],
        "activation_stats": {
          "mean": 0.5815435647964478,
          "std": 0.5012184381484985,
          "min": 0.11375773698091507,
          "max": 4.967353343963623,
          "percentiles": {
            "25": 0.30545420944690704,
            "50": 0.43542343378067017,
            "75": 0.653510719537735,
            "90": 1.000367432832718,
            "95": 1.56961190700531,
            "99": 2.331063544750212
          }
        }
      }
    },
    "teacher": {
      "l1_sparsity": 0.33232061316880473,
      "gini_coefficient": 0.5016967509714101,
      "activation_ratio": 0.2158046875,
      "dead_neurons": {
        "n_dead": 0,
        "n_total": 256,
        "dead_ratio": 0.0,
        "dead_indices": [],
        "activation_stats": {
          "mean": 0.5387281179428101,
          "std": 0.4844125807285309,
          "min": 0.12883326411247253,
          "max": 4.963462829589844,
          "percentiles": {
            "25": 0.2783617153763771,
            "50": 0.385423943400383,
            "75": 0.612642303109169,
            "90": 0.9579111337661743,
            "95": 1.420602798461914,
            "99": 2.165323948860168
          }
        }
      }
    },
    "n_samples": 2500,
    "n_mask_samples": 5
  },
  "epoch_5": {
    "student": {
      "l1_sparsity": 0.2876364620815081,
      "gini_coefficient": 0.47576448273608496,
      "activation_ratio": 0.2426828125,
      "dead_neurons": {
        "n_dead": 0,
        "n_total": 256,
        "dead_ratio": 0.0,
        "dead_indices": [],